Hashtag,Qtd. de posts,Curtidas médias,Engajamento médio,Visualizações (total)
verao,1,136200.0,37.7,432400
wishlist,1,136200.0,37.7,432400
muaythai,1,77600.0,25.6,341900
aula,1,77600.0,25.6,341900
natacao,1,77600.0,25.6,341900
dance,1,49600.0,24.0,240000
ballettok,1,49600.0,24.0,240000
balletdancer,1,49600.0,24.0,240000
petitedanse,1,49600.0,24.0,240000
bailarina,1,49600.0,24.0,240000
jazztok,1,49600.0,24.0,240000
jazz,1,49600.0,24.0,240000
amiga,1,49600.0,24.0,240000
jogador,2,107900.0,22.8,1215400
bonito,1,14300.0,20.9,87600
barreiras,1,14300.0,20.9,87600
teamsoltftv,1,47100.0,16.9,292300
vairal,1,33200.0,16.6,215800
iniciantefutevôlei,1,6398.0,16.1,41500
comedia,1,29100.0,15.8,221100
arenagrussai,1,29100.0,15.8,221100
fyyyyy,1,9308.0,15.4,63800
br,1,58100.0,15.3,414000
rafaparracho,1,56400.0,15.3,397100
treinodefutevolei,1,14500.0,14.8,106800
foryoupage,13,52758.230769230766,14.6,5883964
vlog,1,43700.0,14.5,304000
publicidad,1,22400.0,14.0,176400
futevoleibrasileiro,1,132900.0,13.9,985000
paravoce,1,132900.0,13.9,985000
fyyyyyp,1,132900.0,13.9,985000
fyyyyypp,1,132900.0,13.9,985000
felipeeindio,1,132900.0,13.9,985000
felipeiceman,1,132900.0,13.9,985000
icemanftv,1,132900.0,13.9,985000
indioefelipe,1,132900.0,13.9,985000
vaiprafy,1,132900.0,13.9,985000
et,1,25900.0,13.9,198100
belingham,1,552.0,13.9,3995
world,1,552.0,13.9,3995
gol,1,552.0,13.9,3995
tiktokesportes,2,15885.5,13.9,229300
edit,1,293500.0,13.8,2300000
edição,1,293500.0,13.8,2300000
craque,1,293500.0,13.8,2300000
jogamuito,1,293500.0,13.8,2300000
fypシ,4,6626.0,13.7,263437
fotos,1,81000.0,13.6,645300
biscoitocut,1,43300.0,13.3,360900
casal,3,30600.0,13.2,854500
paravoceforyou,1,36.0,13.2,273
viraltiktok,5,47146.0,13.0,1902789
capcut,2,8576.0,13.0,142695
viralvideos,1,13900.0,12.9,113600
futevoleicortes,1,13900.0,12.9,113600
futbol,1,2305.0,12.8,19000
forca,1,2305.0,12.8,19000
capcutvelocity,1,2305.0,12.8,19000
bateestaca,1,2305.0,12.8,19000
vulaci,1,2305.0,12.8,19000
virgo,1,2305.0,12.8,19000
worldcup,1,2305.0,12.8,19000
viralizou,1,56700.0,12.8,452700
cavalodoido,1,56700.0,12.8,452700
foco,1,56700.0,12.8,452700
suylanftv,1,56700.0,12.8,452700
principe,1,56700.0,12.8,452700
midia,1,56700.0,12.8,452700
trends,1,56700.0,12.8,452700
trendzinha,1,56700.0,12.8,452700
trendcasal,1,10100.0,12.7,89800
savethedate,1,10100.0,12.7,89800
ftvbrasil,2,69752.0,12.7,1046300
morena,1,69400.0,12.6,568200
alta,1,55900.0,12.6,537500
praia,7,24048.285714285714,12.5,1062449
ftvfeminino,4,24973.0,12.4,976000
indioftv,2,79400.0,12.3,1241900
adit,1,16600.0,12.1,138700
paratiiiiiiiiiiiiiiiiiiiiiiiiiiiiiii,1,16600.0,12.1,138700
peitada,1,79800.0,11.8,689300
yurialberto,1,79800.0,11.8,689300
foryourpage,4,4294.75,11.6,231237
fypシ゚,2,38841.5,11.6,640400
fyy,1,6901.0,11.6,61800
lance,1,6901.0,11.6,61800
01dabaixada,1,1156.0,11.2,10500
vaiprofy,1,260900.0,11.2,2400000
resenha,3,64722.333333333336,11.1,3284100
loira,1,77600.0,11.1,727800
euamofutevolei,1,3008.0,10.8,28500
atleta,5,40535.8,10.8,2043500
mulherdepreso🔓🕊👫💍,1,79600.0,10.8,757300
joaoet,1,18000.0,10.7,176400
joaoetftv,1,18000.0,10.7,176400
humor,2,12750.0,10.6,299800
trend,11,18329.18181818182,10.6,1921695
meme,6,76770.83333333333,10.5,4144700
reflexao,1,280800.0,10.5,2700000
foruyou,1,280800.0,10.5,2700000
chango,2,134950.0,10.4,2700000
tiktokviral,2,22050.0,10.3,514600
lifestyle,2,14034.0,10.3,356600
foryou,41,16948.170731707316,10.3,9334368
zago,4,179750.0,10.3,6987800
cztv21,1,192500.0,10.2,2000000
original,1,192500.0,10.2,2000000
coberturacazétv,1,192500.0,10.2,2000000
futvolei,35,56515.94285714286,10.1,22028831
ombrinho,1,11000.0,10.1,116000
fyp,64,98560.703125,10.1,74242607
arte,1,78700.0,10.1,793900
zacaco,1,78700.0,10.1,793900
fyyyyyyyyyyyyyyyyyyy,1,78700.0,10.1,793900
foryo,1,78700.0,10.1,793900
brasilia,1,33900.0,9.9,377900
namoro,1,46100.0,9.9,501800
ftv,83,31766.795180722893,9.9,26278264
futebol,5,105374.0,9.6,4303482
fy,35,130555.31428571428,9.6,55551613
disciplina,1,2576.0,9.5,28600
futevolei,176,55892.71022727273,9.5,129675839
futevoleifeminino,55,42735.87272727273,9.5,42526448
look,1,731.0,9.4,8053
explore,5,7133.0,9.4,255432
esporte,7,23202.428571428572,9.3,2238700
viralvideotiktokteam,2,710.5,9.1,23249
futevoleibrasil,65,81042.83076923077,9.0,63369342
viralvideo,10,4384.5,9.0,522892
fyppppppppppppppppppppppp,6,20112.5,8.9,1053309
viral,39,19402.871794871793,8.9,8716284
altinha,9,32208.666666666668,8.9,3861300
futvoleidaresenha,1,4708.0,8.8,61000
futevôlei,15,37421.2,8.8,5227532
tiktoknews,2,595.0,8.8,19049
futvoley,2,455976.0,8.8,25903995
explorar,3,12592.666666666666,8.7,455753
433,1,41700.0,8.7,496900
vaiprofycaramba,4,89047.25,8.7,5275200
futevoleiferminino,1,6094.0,8.6,72900
futevoleiresenha,3,3142.6666666666665,8.5,110600
shark,5,9101.8,8.5,518283
beachtennis,2,2230.5,8.5,63500
futevoleidepressao,10,337418.5,8.5,41914558
treino,4,9274.75,8.5,497553
superacion,1,37700.0,8.4,509900
futvoleibrasil,5,9672.8,8.3,567869
casalfutevolei,1,46300.0,8.3,584100
dogaltinha,1,312800.0,8.2,4200000
vira,2,1033.5,8.2,28562
futvoleidepresao,2,1033.5,8.2,28562
brasil,1,3200000.0,8.1,40100000
footvolleyworld,1,3200000.0,8.1,40100000
ftv_soberbos,1,3200000.0,8.1,40100000
playfootvolley,1,3200000.0,8.1,40100000
dicadodia,1,9090.0,8.0,116600
naredecomvina,2,9090.0,8.0,233200
vinanaareia,1,9090.0,8.0,116600
videoviral,2,338100.0,8.0,9400000
fypviralシ,2,338100.0,8.0,9400000
futevoleimaior,3,43133.333333333336,8.0,1502200
saúde,1,92300.0,7.9,1500000
cortes,1,92300.0,7.9,1500000
ftvdepressao,1,46100.0,7.9,598000
bauru,1,27300.0,7.8,396800
ipa,1,27300.0,7.8,396800
paraty,1,1605.0,7.7,24000
dicas,4,2114.75,7.7,126500
footvolley,7,649081.2857142857,7.6,71642777
paravcシ,1,13100.0,7.6,175000
fypageシ,1,13100.0,7.6,175000
kkkkkk,1,93900.0,7.5,1300000
tafc,2,129613.5,7.5,2546300
futevoleirj,6,16234.333333333334,7.4,1377648
areia,2,3052.5,7.3,89000
yyy,1,1608.0,7.2,23100
futevoleicerrado,1,88100.0,7.2,1300000
fyyy,2,2404.5,7.0,106600
estilo,1,55800.0,7.0,800100
famosos,1,55800.0,7.0,800100
noticias,1,55800.0,7.0,800100
fofocas,1,55800.0,7.0,800100
fut,4,21848.0,7.0,1346700
campeonatofutevolei,1,6481.0,6.9,97800
futvoleifeminino,5,42745.0,6.8,2705300
campeao,1,78700.0,6.8,1200000
futvoleidadepressao,1,78700.0,6.8,1200000
fypa,1,78700.0,6.8,1200000
futevoleiraiz,7,19916.0,6.7,1990848
resenhaboa,1,21700.0,6.7,338200
bencashow,1,21700.0,6.7,338200
circuitoshark,1,21700.0,6.7,338200
fyyyyyyyyyyyyyyyy,2,463.5,6.4,12983
sports,2,1097.5,6.4,28093
mikasafutevôlei,2,1097.5,6.4,28093
funny,2,1097.5,6.4,28093
futevoleinaveia,7,24572.285714285714,6.4,2133848
oqueeufaria,1,3766.0,6.4,63900
eujogofutevolei,2,1601523.5,6.3,40185900
vemprotreino,1,4280.0,6.3,72600
praiaénossocampo,1,4280.0,6.3,72600
auladefutevôlei,1,4280.0,6.3,72600
brasilopendefutevolei,1,6836.0,6.2,117000
rj,1,714.0,6.2,12400
sharkattack,1,4968.0,6.0,108300
esportesnaareia,1,1655.0,5.9,31400
beachtennisbh,1,1655.0,5.9,31400
beachtennis_brasil,1,1655.0,5.9,31400
worldfootvolley,2,2055700.0,5.9,66000000
tiktok,1,599.0,5.8,10600
futevoleishowdomilhão,1,864.0,5.6,15600
sucesso,1,26900.0,5.6,490500
processo,1,26900.0,5.6,490500
memes,7,42351.71428571428,5.5,2339264
spaktakraw,1,685.0,5.4,14100
expolondrina,1,90800.0,5.4,1700000
bença,1,12900.0,5.3,247500
futevoleimg,4,727.0,5.3,36148
futevoleibrasilia,4,727.0,5.3,36148
futevoleisp,4,727.0,5.3,36148
torneio,2,41686.0,5.0,1349500
vice,2,41686.0,5.0,1349500
campeonato,2,41686.0,5.0,1349500
sampa,2,13186.0,4.9,487700
tiktokbeleza,2,664.0,4.5,29500
explorer,2,664.0,4.5,29500
fouryoupage,1,23.0,4.2,622
fly,1,23.0,4.2,622
memesfutevolei,6,493.6666666666667,4.1,39264
paraiba,1,695.0,4.1,18100
jogadora,1,695.0,4.1,18100
freestylefootball,1,911400.0,3.6,25900000
curiosidades,1,10400.0,3.6,297700
influencer,1,10400.0,3.6,297700
biscoito🍪,1,111200.0,3.5,3200000
trending,1,13400.0,3.5,403300
aftermovie,1,287.0,3.3,10400
anacastela,2,46452.0,3.3,1895000
trendin,1,1187.0,3.2,40600
fypag,1,4672.0,3.2,149500
volei,1,4.0,3.1,128
voleibol,1,4.0,3.1,128
athleta,1,259.0,2.9,9968
memesbrasil,1,51.0,2.9,2432
memesengraçados,1,51.0,2.9,2432
anao,2,3617.0,2.9,709000
🌈,1,822.0,2.8,29900
esportes,1,822.0,2.8,29900
comediaftv,1,4214.0,2.6,180600
perolasdoftv,1,4214.0,2.6,180600
footvolleymaster,1,4214.0,2.6,180600
fouryou,2,100.0,2.5,26622
paraguayosporelmundo🇵🇾🇵🇾🇵🇾❤️❤️❤️❤️🇪🇦🇪🇦🇪🇦,1,636.0,2.2,30800
piquivolei,1,636.0,2.2,30800
paraguaytiktok🇵🇾,1,636.0,2.2,30800
so,1,753.0,1.9,41400
cartomante,1,753.0,1.9,41400
tik_tok,1,130.0,1.6,8989
brasilian,1,3321.0,1.6,219600
loveyou,1,3321.0,1.6,219600
fyyyy,1,10.0,1.6,709
rotina,1,10.0,1.6,709
cafedamanha,1,10.0,1.6,709
acreditaevai,1,38100.0,1.4,2700000
semprecreators,1,38100.0,1.4,2700000
foryoy,1,4101.0,1.2,396900
essavibe,1,4101.0,1.2,396900
verão,1,2104.0,1.1,195000
boiadeira,1,2104.0,1.1,195000
dudabertelli,1,2104.0,1.1,195000
arena,1,177.0,0.9,26000
viral_video,1,177.0,0.9,26000
py,1,177.0,0.9,26000
fotografia,1,177.0,0.9,26000
josy,1,3227.0,0.4,746300
feminino,1,3227.0,0.4,746300
engraçado,1,3.0,0.4,684
